"","iso2c","iso3c","country","date","BX.KLT.DINV.CD","unit","obs_status","footnote","last_updated"
"1","AO","AGO","Angola",2000,NA,NA,NA,NA,2013-02-22
"2","AO","AGO","Angola",2001,NA,NA,NA,NA,2013-02-22
"3","AO","AGO","Angola",2002,NA,NA,NA,NA,2013-02-22
"4","AO","AGO","Angola",2003,NA,NA,NA,NA,2013-02-22
"5","AO","AGO","Angola",2004,NA,NA,NA,NA,2013-02-22
"6","AO","AGO","Angola",2005,-1303836930,NA,NA,NA,2013-02-22
"7","AO","AGO","Angola",2006,-37714860,NA,NA,NA,2013-02-22
"8","AO","AGO","Angola",2007,-893342152,NA,NA,NA,2013-02-22
"9","AO","AGO","Angola",2008,1678971010,NA,NA,NA,2013-02-22
"10","AO","AGO","Angola",2009,2205298180,NA,NA,NA,2013-02-22
"11","AO","AGO","Angola",2010,-3227211182.44999,NA,NA,NA,2013-02-22
"12","AO","AGO","Angola",2011,-3023770964.57999,NA,NA,NA,2013-02-22
"13","AO","AGO","Angola",2012,NA,NA,NA,NA,2013-02-22
"14","BI","BDI","Burundi",2000,NA,NA,NA,NA,2013-02-22
"15","BI","BDI","Burundi",2001,NA,NA,NA,NA,2013-02-22
"16","BI","BDI","Burundi",2002,NA,NA,NA,NA,2013-02-22
"17","BI","BDI","Burundi",2003,NA,NA,NA,NA,2013-02-22
"18","BI","BDI","Burundi",2004,NA,NA,NA,NA,2013-02-22
"19","BI","BDI","Burundi",2005,584701.692574562,NA,NA,NA,2013-02-22
"20","BI","BDI","Burundi",2006,31593.7781888499,NA,NA,NA,2013-02-22
"21","BI","BDI","Burundi",2007,500245.09305907,NA,NA,NA,2013-02-22
"22","BI","BDI","Burundi",2008,3833208.34759484,NA,NA,NA,2013-02-22
"23","BI","BDI","Burundi",2009,348404.534569828,NA,NA,NA,2013-02-22
"24","BI","BDI","Burundi",2010,780582.003631938,NA,NA,NA,2013-02-22
"25","BI","BDI","Burundi",2011,3354999.18059219,NA,NA,NA,2013-02-22
"26","BI","BDI","Burundi",2012,NA,NA,NA,NA,2013-02-22
"27","BJ","BEN","Benin",2000,NA,NA,NA,NA,2013-02-22
"28","BJ","BEN","Benin",2001,NA,NA,NA,NA,2013-02-22
"29","BJ","BEN","Benin",2002,NA,NA,NA,NA,2013-02-22
"30","BJ","BEN","Benin",2003,NA,NA,NA,NA,2013-02-22
"31","BJ","BEN","Benin",2004,NA,NA,NA,NA,2013-02-22
"32","BJ","BEN","Benin",2005,-8785364.69529622,NA,NA,NA,2013-02-22
"33","BJ","BEN","Benin",2006,-12352499.8489782,NA,NA,NA,2013-02-22
"34","BJ","BEN","Benin",2007,139006086.840238,NA,NA,NA,2013-02-22
"35","BJ","BEN","Benin",2008,48016408.3225724,NA,NA,NA,2013-02-22
"36","BJ","BEN","Benin",2009,-18732013.5573172,NA,NA,NA,2013-02-22
"37","BJ","BEN","Benin",2010,53454932.9907284,NA,NA,NA,2013-02-22
"38","BJ","BEN","Benin",2011,NA,NA,NA,NA,2013-02-22
"39","BJ","BEN","Benin",2012,NA,NA,NA,NA,2013-02-22
"40","BF","BFA","Burkina Faso",2000,NA,NA,NA,NA,2013-02-22
"41","BF","BFA","Burkina Faso",2001,NA,NA,NA,NA,2013-02-22
"42","BF","BFA","Burkina Faso",2002,NA,NA,NA,NA,2013-02-22
"43","BF","BFA","Burkina Faso",2003,NA,NA,NA,NA,2013-02-22
"44","BF","BFA","Burkina Faso",2004,NA,NA,NA,NA,2013-02-22
"45","BF","BFA","Burkina Faso",2005,52109308.1603176,NA,NA,NA,2013-02-22
"46","BF","BFA","Burkina Faso",2006,83774772.5475288,NA,NA,NA,2013-02-22
"47","BF","BFA","Burkina Faso",2007,21683121.7550586,NA,NA,NA,2013-02-22
"48","BF","BFA","Burkina Faso",2008,33056780.4110798,NA,NA,NA,2013-02-22
"49","BF","BFA","Burkina Faso",2009,56426881.7661006,NA,NA,NA,2013-02-22
"50","BF","BFA","Burkina Faso",2010,38832813.0768907,NA,NA,NA,2013-02-22
"51","BF","BFA","Burkina Faso",2011,NA,NA,NA,NA,2013-02-22
"52","BF","BFA","Burkina Faso",2012,NA,NA,NA,NA,2013-02-22
"53","BW","BWA","Botswana",2000,NA,NA,NA,NA,2013-02-22
"54","BW","BWA","Botswana",2001,NA,NA,NA,NA,2013-02-22
"55","BW","BWA","Botswana",2002,NA,NA,NA,NA,2013-02-22
"56","BW","BWA","Botswana",2003,NA,NA,NA,NA,2013-02-22
"57","BW","BWA","Botswana",2004,NA,NA,NA,NA,2013-02-22
"58","BW","BWA","Botswana",2005,492380720.783436,NA,NA,NA,2013-02-22
"59","BW","BWA","Botswana",2006,750779756.669124,NA,NA,NA,2013-02-22
"60","BW","BWA","Botswana",2007,647259027.285992,NA,NA,NA,2013-02-22
"61","BW","BWA","Botswana",2008,902413515.209782,NA,NA,NA,2013-02-22
"62","BW","BWA","Botswana",2009,824081581.728389,NA,NA,NA,2013-02-22
"63","BW","BWA","Botswana",2010,264954426.906316,NA,NA,NA,2013-02-22
"64","BW","BWA","Botswana",2011,NA,NA,NA,NA,2013-02-22
"65","BW","BWA","Botswana",2012,NA,NA,NA,NA,2013-02-22
"66","CF","CAF","Central African Republic",2000,NA,NA,NA,NA,2013-02-22
"67","CF","CAF","Central African Republic",2001,NA,NA,NA,NA,2013-02-22
"68","CF","CAF","Central African Republic",2002,NA,NA,NA,NA,2013-02-22
"69","CF","CAF","Central African Republic",2003,NA,NA,NA,NA,2013-02-22
"70","CF","CAF","Central African Republic",2004,NA,NA,NA,NA,2013-02-22
"71","CF","CAF","Central African Republic",2005,NA,NA,NA,NA,2013-02-22
"72","CF","CAF","Central African Republic",2006,NA,NA,NA,NA,2013-02-22
"73","CF","CAF","Central African Republic",2007,NA,NA,NA,NA,2013-02-22
"74","CF","CAF","Central African Republic",2008,NA,NA,NA,NA,2013-02-22
"75","CF","CAF","Central African Republic",2009,NA,NA,NA,NA,2013-02-22
"76","CF","CAF","Central African Republic",2010,NA,NA,NA,NA,2013-02-22
"77","CF","CAF","Central African Republic",2011,NA,NA,NA,NA,2013-02-22
"78","CF","CAF","Central African Republic",2012,NA,NA,NA,NA,2013-02-22
"79","CI","CIV","Cote d'Ivoire",2000,NA,NA,NA,NA,2013-02-22
"80","CI","CIV","Cote d'Ivoire",2001,NA,NA,NA,NA,2013-02-22
"81","CI","CIV","Cote d'Ivoire",2002,NA,NA,NA,NA,2013-02-22
"82","CI","CIV","Cote d'Ivoire",2003,NA,NA,NA,NA,2013-02-22
"83","CI","CIV","Cote d'Ivoire",2004,NA,NA,NA,NA,2013-02-22
"84","CI","CIV","Cote d'Ivoire",2005,348920761.502345,NA,NA,NA,2013-02-22
"85","CI","CIV","Cote d'Ivoire",2006,350652855.728047,NA,NA,NA,2013-02-22
"86","CI","CIV","Cote d'Ivoire",2007,443215533.117434,NA,NA,NA,2013-02-22
"87","CI","CIV","Cote d'Ivoire",2008,466489596.954486,NA,NA,NA,2013-02-22
"88","CI","CIV","Cote d'Ivoire",2009,396030773.972889,NA,NA,NA,2013-02-22
"89","CI","CIV","Cote d'Ivoire",2010,358118908.982355,NA,NA,NA,2013-02-22
"90","CI","CIV","Cote d'Ivoire",2011,NA,NA,NA,NA,2013-02-22
"91","CI","CIV","Cote d'Ivoire",2012,NA,NA,NA,NA,2013-02-22
"92","CM","CMR","Cameroon",2000,NA,NA,NA,NA,2013-02-22
"93","CM","CMR","Cameroon",2001,NA,NA,NA,NA,2013-02-22
"94","CM","CMR","Cameroon",2002,NA,NA,NA,NA,2013-02-22
"95","CM","CMR","Cameroon",2003,NA,NA,NA,NA,2013-02-22
"96","CM","CMR","Cameroon",2004,NA,NA,NA,NA,2013-02-22
"97","CM","CMR","Cameroon",2005,243504753.307841,NA,NA,NA,2013-02-22
"98","CM","CMR","Cameroon",2006,59069772.8495725,NA,NA,NA,2013-02-22
"99","CM","CMR","Cameroon",2007,189330876.448617,NA,NA,NA,2013-02-22
"100","CM","CMR","Cameroon",2008,20910875.6177363,NA,NA,NA,2013-02-22
"101","CM","CMR","Cameroon",2009,740307388.935724,NA,NA,NA,2013-02-22
"102","CM","CMR","Cameroon",2010,537779845.215505,NA,NA,NA,2013-02-22
"103","CM","CMR","Cameroon",2011,NA,NA,NA,NA,2013-02-22
"104","CM","CMR","Cameroon",2012,NA,NA,NA,NA,2013-02-22
"105","CD","COD","Congo, Dem. Rep.",2000,NA,NA,NA,NA,2013-02-22
"106","CD","COD","Congo, Dem. Rep.",2001,NA,NA,NA,NA,2013-02-22
"107","CD","COD","Congo, Dem. Rep.",2002,NA,NA,NA,NA,2013-02-22
"108","CD","COD","Congo, Dem. Rep.",2003,NA,NA,NA,NA,2013-02-22
"109","CD","COD","Congo, Dem. Rep.",2004,NA,NA,NA,NA,2013-02-22
"110","CD","COD","Congo, Dem. Rep.",2005,NA,NA,NA,NA,2013-02-22
"111","CD","COD","Congo, Dem. Rep.",2006,NA,NA,NA,NA,2013-02-22
"112","CD","COD","Congo, Dem. Rep.",2007,NA,NA,NA,NA,2013-02-22
"113","CD","COD","Congo, Dem. Rep.",2008,NA,NA,NA,NA,2013-02-22
"114","CD","COD","Congo, Dem. Rep.",2009,NA,NA,NA,NA,2013-02-22
"115","CD","COD","Congo, Dem. Rep.",2010,NA,NA,NA,NA,2013-02-22
"116","CD","COD","Congo, Dem. Rep.",2011,NA,NA,NA,NA,2013-02-22
"117","CD","COD","Congo, Dem. Rep.",2012,NA,NA,NA,NA,2013-02-22
"118","CG","COG","Congo, Rep.",2000,NA,NA,NA,NA,2013-02-22
"119","CG","COG","Congo, Rep.",2001,NA,NA,NA,NA,2013-02-22
"120","CG","COG","Congo, Rep.",2002,NA,NA,NA,NA,2013-02-22
"121","CG","COG","Congo, Rep.",2003,NA,NA,NA,NA,2013-02-22
"122","CG","COG","Congo, Rep.",2004,NA,NA,NA,NA,2013-02-22
"123","CG","COG","Congo, Rep.",2005,800996241.640624,NA,NA,NA,2013-02-22
"124","CG","COG","Congo, Rep.",2006,1487693084.45891,NA,NA,NA,2013-02-22
"125","CG","COG","Congo, Rep.",2007,2638405259.74516,NA,NA,NA,2013-02-22
"126","CG","COG","Congo, Rep.",2008,NA,NA,NA,NA,2013-02-22
"127","CG","COG","Congo, Rep.",2009,NA,NA,NA,NA,2013-02-22
"128","CG","COG","Congo, Rep.",2010,NA,NA,NA,NA,2013-02-22
"129","CG","COG","Congo, Rep.",2011,NA,NA,NA,NA,2013-02-22
"130","CG","COG","Congo, Rep.",2012,NA,NA,NA,NA,2013-02-22
"131","KM","COM","Comoros",2000,NA,NA,NA,NA,2013-02-22
"132","KM","COM","Comoros",2001,NA,NA,NA,NA,2013-02-22
"133","KM","COM","Comoros",2002,NA,NA,NA,NA,2013-02-22
"134","KM","COM","Comoros",2003,NA,NA,NA,NA,2013-02-22
"135","KM","COM","Comoros",2004,NA,NA,NA,NA,2013-02-22
"136","KM","COM","Comoros",2005,NA,NA,NA,NA,2013-02-22
"137","KM","COM","Comoros",2006,NA,NA,NA,NA,2013-02-22
"138","KM","COM","Comoros",2007,NA,NA,NA,NA,2013-02-22
"139","KM","COM","Comoros",2008,NA,NA,NA,NA,2013-02-22
"140","KM","COM","Comoros",2009,NA,NA,NA,NA,2013-02-22
"141","KM","COM","Comoros",2010,NA,NA,NA,NA,2013-02-22
"142","KM","COM","Comoros",2011,NA,NA,NA,NA,2013-02-22
"143","KM","COM","Comoros",2012,NA,NA,NA,NA,2013-02-22
"144","CV","CPV","Cape Verde",2000,NA,NA,NA,NA,2013-02-22
"145","CV","CPV","Cape Verde",2001,NA,NA,NA,NA,2013-02-22
"146","CV","CPV","Cape Verde",2002,NA,NA,NA,NA,2013-02-22
"147","CV","CPV","Cape Verde",2003,NA,NA,NA,NA,2013-02-22
"148","CV","CPV","Cape Verde",2004,NA,NA,NA,NA,2013-02-22
"149","CV","CPV","Cape Verde",2005,80448834.0611336,NA,NA,NA,2013-02-22
"150","CV","CPV","Cape Verde",2006,131567607.868431,NA,NA,NA,2013-02-22
"151","CV","CPV","Cape Verde",2007,191868198.004826,NA,NA,NA,2013-02-22
"152","CV","CPV","Cape Verde",2008,211004655.102285,NA,NA,NA,2013-02-22
"153","CV","CPV","Cape Verde",2009,127100653.159569,NA,NA,NA,2013-02-22
"154","CV","CPV","Cape Verde",2010,116213000.678584,NA,NA,NA,2013-02-22
"155","CV","CPV","Cape Verde",2011,105160915.238395,NA,NA,NA,2013-02-22
"156","CV","CPV","Cape Verde",2012,NA,NA,NA,NA,2013-02-22
"157","DJ","DJI","Djibouti",2000,NA,NA,NA,NA,2013-02-22
"158","DJ","DJI","Djibouti",2001,NA,NA,NA,NA,2013-02-22
"159","DJ","DJI","Djibouti",2002,NA,NA,NA,NA,2013-02-22
"160","DJ","DJI","Djibouti",2003,NA,NA,NA,NA,2013-02-22
"161","DJ","DJI","Djibouti",2004,NA,NA,NA,NA,2013-02-22
"162","DJ","DJI","Djibouti",2005,22203341.1920932,NA,NA,NA,2013-02-22
"163","DJ","DJI","Djibouti",2006,108287709.387186,NA,NA,NA,2013-02-22
"164","DJ","DJI","Djibouti",2007,195351140.270424,NA,NA,NA,2013-02-22
"165","DJ","DJI","Djibouti",2008,227654582.182184,NA,NA,NA,2013-02-22
"166","DJ","DJI","Djibouti",2009,96859684.5617568,NA,NA,NA,2013-02-22
"167","DJ","DJI","Djibouti",2010,36501032.5172602,NA,NA,NA,2013-02-22
"168","DJ","DJI","Djibouti",2011,79000230.6986794,NA,NA,NA,2013-02-22
"169","DJ","DJI","Djibouti",2012,NA,NA,NA,NA,2013-02-22
"170","DZ","DZA","Algeria",2000,NA,NA,NA,NA,2013-02-22
"171","DZ","DZA","Algeria",2001,NA,NA,NA,NA,2013-02-22
"172","DZ","DZA","Algeria",2002,NA,NA,NA,NA,2013-02-22
"173","DZ","DZA","Algeria",2003,NA,NA,NA,NA,2013-02-22
"174","DZ","DZA","Algeria",2004,NA,NA,NA,NA,2013-02-22
"175","DZ","DZA","Algeria",2005,1155999999.99994,NA,NA,NA,2013-02-22
"176","DZ","DZA","Algeria",2006,1841000000.00008,NA,NA,NA,2013-02-22
"177","DZ","DZA","Algeria",2007,1.834e+09,NA,NA,NA,2013-02-22
"178","DZ","DZA","Algeria",2008,2.675e+09,NA,NA,NA,2013-02-22
"179","DZ","DZA","Algeria",2009,3053000000.00013,NA,NA,NA,2013-02-22
"180","DZ","DZA","Algeria",2010,2.331e+09,NA,NA,NA,2013-02-22
"181","DZ","DZA","Algeria",2011,2720539622.64237,NA,NA,NA,2013-02-22
"182","DZ","DZA","Algeria",2012,NA,NA,NA,NA,2013-02-22
"183","EG","EGY","Egypt, Arab Rep.",2000,NA,NA,NA,NA,2013-02-22
"184","EG","EGY","Egypt, Arab Rep.",2001,NA,NA,NA,NA,2013-02-22
"185","EG","EGY","Egypt, Arab Rep.",2002,NA,NA,NA,NA,2013-02-22
"186","EG","EGY","Egypt, Arab Rep.",2003,NA,NA,NA,NA,2013-02-22
"187","EG","EGY","Egypt, Arab Rep.",2004,NA,NA,NA,NA,2013-02-22
"188","EG","EGY","Egypt, Arab Rep.",2005,5375600000,NA,NA,NA,2013-02-22
"189","EG","EGY","Egypt, Arab Rep.",2006,10042800000,NA,NA,NA,2013-02-22
"190","EG","EGY","Egypt, Arab Rep.",2007,11578100000,NA,NA,NA,2013-02-22
"191","EG","EGY","Egypt, Arab Rep.",2008,9494600000,NA,NA,NA,2013-02-22
"192","EG","EGY","Egypt, Arab Rep.",2009,6711600000,NA,NA,NA,2013-02-22
"193","EG","EGY","Egypt, Arab Rep.",2010,6385600000,NA,NA,NA,2013-02-22
"194","EG","EGY","Egypt, Arab Rep.",2011,-482700000,NA,NA,NA,2013-02-22
"195","EG","EGY","Egypt, Arab Rep.",2012,NA,NA,NA,NA,2013-02-22
"196","ER","ERI","Eritrea",2000,NA,NA,NA,NA,2013-02-22
"197","ER","ERI","Eritrea",2001,NA,NA,NA,NA,2013-02-22
"198","ER","ERI","Eritrea",2002,NA,NA,NA,NA,2013-02-22
"199","ER","ERI","Eritrea",2003,NA,NA,NA,NA,2013-02-22
"200","ER","ERI","Eritrea",2004,NA,NA,NA,NA,2013-02-22
"201","ER","ERI","Eritrea",2005,NA,NA,NA,NA,2013-02-22
"202","ER","ERI","Eritrea",2006,NA,NA,NA,NA,2013-02-22
"203","ER","ERI","Eritrea",2007,NA,NA,NA,NA,2013-02-22
"204","ER","ERI","Eritrea",2008,NA,NA,NA,NA,2013-02-22
"205","ER","ERI","Eritrea",2009,NA,NA,NA,NA,2013-02-22
"206","ER","ERI","Eritrea",2010,NA,NA,NA,NA,2013-02-22
"207","ER","ERI","Eritrea",2011,NA,NA,NA,NA,2013-02-22
"208","ER","ERI","Eritrea",2012,NA,NA,NA,NA,2013-02-22
"209","ET","ETH","Ethiopia",2000,NA,NA,NA,NA,2013-02-22
"210","ET","ETH","Ethiopia",2001,NA,NA,NA,NA,2013-02-22
"211","ET","ETH","Ethiopia",2002,NA,NA,NA,NA,2013-02-22
"212","ET","ETH","Ethiopia",2003,NA,NA,NA,NA,2013-02-22
"213","ET","ETH","Ethiopia",2004,NA,NA,NA,NA,2013-02-22
"214","ET","ETH","Ethiopia",2005,265111675.482385,NA,NA,NA,2013-02-22
"215","ET","ETH","Ethiopia",2006,545257102.178303,NA,NA,NA,2013-02-22
"216","ET","ETH","Ethiopia",2007,222000572.994807,NA,NA,NA,2013-02-22
"217","ET","ETH","Ethiopia",2008,108537543.965443,NA,NA,NA,2013-02-22
"218","ET","ETH","Ethiopia",2009,221459581.361984,NA,NA,NA,2013-02-22
"219","ET","ETH","Ethiopia",2010,288271568.250743,NA,NA,NA,2013-02-22
"220","ET","ETH","Ethiopia",2011,626509560.351343,NA,NA,NA,2013-02-22
"221","ET","ETH","Ethiopia",2012,NA,NA,NA,NA,2013-02-22
"222","GA","GAB","Gabon",2000,NA,NA,NA,NA,2013-02-22
"223","GA","GAB","Gabon",2001,NA,NA,NA,NA,2013-02-22
"224","GA","GAB","Gabon",2002,NA,NA,NA,NA,2013-02-22
"225","GA","GAB","Gabon",2003,NA,NA,NA,NA,2013-02-22
"226","GA","GAB","Gabon",2004,NA,NA,NA,NA,2013-02-22
"227","GA","GAB","Gabon",2005,326161877.897876,NA,NA,NA,2013-02-22
"228","GA","GAB","Gabon",2006,NA,NA,NA,NA,2013-02-22
"229","GA","GAB","Gabon",2007,NA,NA,NA,NA,2013-02-22
"230","GA","GAB","Gabon",2008,NA,NA,NA,NA,2013-02-22
"231","GA","GAB","Gabon",2009,NA,NA,NA,NA,2013-02-22
"232","GA","GAB","Gabon",2010,NA,NA,NA,NA,2013-02-22
"233","GA","GAB","Gabon",2011,NA,NA,NA,NA,2013-02-22
"234","GA","GAB","Gabon",2012,NA,NA,NA,NA,2013-02-22
"235","GH","GHA","Ghana",2000,NA,NA,NA,NA,2013-02-22
"236","GH","GHA","Ghana",2001,NA,NA,NA,NA,2013-02-22
"237","GH","GHA","Ghana",2002,NA,NA,NA,NA,2013-02-22
"238","GH","GHA","Ghana",2003,NA,NA,NA,NA,2013-02-22
"239","GH","GHA","Ghana",2004,NA,NA,NA,NA,2013-02-22
"240","GH","GHA","Ghana",2005,144970000,NA,NA,NA,2013-02-22
"241","GH","GHA","Ghana",2006,636010000,NA,NA,NA,2013-02-22
"242","GH","GHA","Ghana",2007,1383177929.85457,NA,NA,NA,2013-02-22
"243","GH","GHA","Ghana",2008,2714916343.69978,NA,NA,NA,2013-02-22
"244","GH","GHA","Ghana",2009,2372540000,NA,NA,NA,2013-02-22
"245","GH","GHA","Ghana",2010,2527350000,NA,NA,NA,2013-02-22
"246","GH","GHA","Ghana",2011,3222240000,NA,NA,NA,2013-02-22
"247","GH","GHA","Ghana",2012,NA,NA,NA,NA,2013-02-22
"248","GN","GIN","Guinea",2000,NA,NA,NA,NA,2013-02-22
"249","GN","GIN","Guinea",2001,NA,NA,NA,NA,2013-02-22
"250","GN","GIN","Guinea",2002,NA,NA,NA,NA,2013-02-22
"251","GN","GIN","Guinea",2003,NA,NA,NA,NA,2013-02-22
"252","GN","GIN","Guinea",2004,NA,NA,NA,NA,2013-02-22
"253","GN","GIN","Guinea",2005,1.05e+08,NA,NA,NA,2013-02-22
"254","GN","GIN","Guinea",2006,1.25e+08,NA,NA,NA,2013-02-22
"255","GN","GIN","Guinea",2007,385900000,NA,NA,NA,2013-02-22
"256","GN","GIN","Guinea",2008,381880000,NA,NA,NA,2013-02-22
"257","GN","GIN","Guinea",2009,140850000,NA,NA,NA,2013-02-22
"258","GN","GIN","Guinea",2010,101350000,NA,NA,NA,2013-02-22
"259","GN","GIN","Guinea",2011,956060000,NA,NA,NA,2013-02-22
"260","GN","GIN","Guinea",2012,NA,NA,NA,NA,2013-02-22
"261","GM","GMB","Gambia, The",2000,NA,NA,NA,NA,2013-02-22
"262","GM","GMB","Gambia, The",2001,NA,NA,NA,NA,2013-02-22
"263","GM","GMB","Gambia, The",2002,NA,NA,NA,NA,2013-02-22
"264","GM","GMB","Gambia, The",2003,NA,NA,NA,NA,2013-02-22
"265","GM","GMB","Gambia, The",2004,NA,NA,NA,NA,2013-02-22
"266","GM","GMB","Gambia, The",2005,53650280.0190839,NA,NA,NA,2013-02-22
"267","GM","GMB","Gambia, The",2006,82208102.5877649,NA,NA,NA,2013-02-22
"268","GM","GMB","Gambia, The",2007,78094820.9585794,NA,NA,NA,2013-02-22
"269","GM","GMB","Gambia, The",2008,78614989.7289696,NA,NA,NA,2013-02-22
"270","GM","GMB","Gambia, The",2009,39446660.5471666,NA,NA,NA,2013-02-22
"271","GM","GMB","Gambia, The",2010,37140766.4211125,NA,NA,NA,2013-02-22
"272","GM","GMB","Gambia, The",2011,35998399.9051736,NA,NA,NA,2013-02-22
"273","GM","GMB","Gambia, The",2012,NA,NA,NA,NA,2013-02-22
"274","GW","GNB","Guinea-Bissau",2000,NA,NA,NA,NA,2013-02-22
"275","GW","GNB","Guinea-Bissau",2001,NA,NA,NA,NA,2013-02-22
"276","GW","GNB","Guinea-Bissau",2002,NA,NA,NA,NA,2013-02-22
"277","GW","GNB","Guinea-Bissau",2003,NA,NA,NA,NA,2013-02-22
"278","GW","GNB","Guinea-Bissau",2004,NA,NA,NA,NA,2013-02-22
"279","GW","GNB","Guinea-Bissau",2005,8692468.08975684,NA,NA,NA,2013-02-22
"280","GW","GNB","Guinea-Bissau",2006,17887123.5620828,NA,NA,NA,2013-02-22
"281","GW","GNB","Guinea-Bissau",2007,18768252.5198954,NA,NA,NA,2013-02-22
"282","GW","GNB","Guinea-Bissau",2008,6627881.12275114,NA,NA,NA,2013-02-22
"283","GW","GNB","Guinea-Bissau",2009,-1346926.01723619,NA,NA,NA,2013-02-22
"284","GW","GNB","Guinea-Bissau",2010,1469884.46524075,NA,NA,NA,2013-02-22
"285","GW","GNB","Guinea-Bissau",2011,NA,NA,NA,NA,2013-02-22
"286","GW","GNB","Guinea-Bissau",2012,NA,NA,NA,NA,2013-02-22
"287","GQ","GNQ","Equatorial Guinea",2000,NA,NA,NA,NA,2013-02-22
"288","GQ","GNQ","Equatorial Guinea",2001,NA,NA,NA,NA,2013-02-22
"289","GQ","GNQ","Equatorial Guinea",2002,NA,NA,NA,NA,2013-02-22
"290","GQ","GNQ","Equatorial Guinea",2003,NA,NA,NA,NA,2013-02-22
"291","GQ","GNQ","Equatorial Guinea",2004,NA,NA,NA,NA,2013-02-22
"292","GQ","GNQ","Equatorial Guinea",2005,NA,NA,NA,NA,2013-02-22
"293","GQ","GNQ","Equatorial Guinea",2006,NA,NA,NA,NA,2013-02-22
"294","GQ","GNQ","Equatorial Guinea",2007,NA,NA,NA,NA,2013-02-22
"295","GQ","GNQ","Equatorial Guinea",2008,NA,NA,NA,NA,2013-02-22
"296","GQ","GNQ","Equatorial Guinea",2009,NA,NA,NA,NA,2013-02-22
"297","GQ","GNQ","Equatorial Guinea",2010,NA,NA,NA,NA,2013-02-22
"298","GQ","GNQ","Equatorial Guinea",2011,NA,NA,NA,NA,2013-02-22
"299","GQ","GNQ","Equatorial Guinea",2012,NA,NA,NA,NA,2013-02-22
"300","KE","KEN","Kenya",2000,NA,NA,NA,NA,2013-02-22
"301","KE","KEN","Kenya",2001,NA,NA,NA,NA,2013-02-22
"302","KE","KEN","Kenya",2002,NA,NA,NA,NA,2013-02-22
"303","KE","KEN","Kenya",2003,NA,NA,NA,NA,2013-02-22
"304","KE","KEN","Kenya",2004,NA,NA,NA,NA,2013-02-22
"305","KE","KEN","Kenya",2005,21211685.3952229,NA,NA,NA,2013-02-22
"306","KE","KEN","Kenya",2006,50674725.1830694,NA,NA,NA,2013-02-22
"307","KE","KEN","Kenya",2007,729044146.04372,NA,NA,NA,2013-02-22
"308","KE","KEN","Kenya",2008,95585680.233444,NA,NA,NA,2013-02-22
"309","KE","KEN","Kenya",2009,116257608.986359,NA,NA,NA,2013-02-22
"310","KE","KEN","Kenya",2010,178064606.752108,NA,NA,NA,2013-02-22
"311","KE","KEN","Kenya",2011,335249880.27586,NA,NA,NA,2013-02-22
"312","KE","KEN","Kenya",2012,NA,NA,NA,NA,2013-02-22
"313","LR","LBR","Liberia",2000,NA,NA,NA,NA,2013-02-22
"314","LR","LBR","Liberia",2001,NA,NA,NA,NA,2013-02-22
"315","LR","LBR","Liberia",2002,NA,NA,NA,NA,2013-02-22
"316","LR","LBR","Liberia",2003,NA,NA,NA,NA,2013-02-22
"317","LR","LBR","Liberia",2004,NA,NA,NA,NA,2013-02-22
"318","LR","LBR","Liberia",2005,82802111.4380608,NA,NA,NA,2013-02-22
"319","LR","LBR","Liberia",2006,107856671.533941,NA,NA,NA,2013-02-22
"320","LR","LBR","Liberia",2007,131637661.595465,NA,NA,NA,2013-02-22
"321","LR","LBR","Liberia",2008,283536077.408015,NA,NA,NA,2013-02-22
"322","LR","LBR","Liberia",2009,127803424.522852,NA,NA,NA,2013-02-22
"323","LR","LBR","Liberia",2010,452342327.622426,NA,NA,NA,2013-02-22
"324","LR","LBR","Liberia",2011,1312748380.13623,NA,NA,NA,2013-02-22
"325","LR","LBR","Liberia",2012,NA,NA,NA,NA,2013-02-22
"326","LY","LBY","Libya",2000,NA,NA,NA,NA,2013-02-22
"327","LY","LBY","Libya",2001,NA,NA,NA,NA,2013-02-22
"328","LY","LBY","Libya",2002,NA,NA,NA,NA,2013-02-22
"329","LY","LBY","Libya",2003,NA,NA,NA,NA,2013-02-22
"330","LY","LBY","Libya",2004,NA,NA,NA,NA,2013-02-22
"331","LY","LBY","Libya",2005,1.038e+09,NA,NA,NA,2013-02-22
"332","LY","LBY","Libya",2006,2.064e+09,NA,NA,NA,2013-02-22
"333","LY","LBY","Libya",2007,4.689e+09,NA,NA,NA,2013-02-22
"334","LY","LBY","Libya",2008,4111300000,NA,NA,NA,2013-02-22
"335","LY","LBY","Libya",2009,1.371e+09,NA,NA,NA,2013-02-22
"336","LY","LBY","Libya",2010,1.784e+09,NA,NA,NA,2013-02-22
"337","LY","LBY","Libya",2011,200100000,NA,NA,NA,2013-02-22
"338","LY","LBY","Libya",2012,NA,NA,NA,NA,2013-02-22
"339","LS","LSO","Lesotho",2000,NA,NA,NA,NA,2013-02-22
"340","LS","LSO","Lesotho",2001,NA,NA,NA,NA,2013-02-22
"341","LS","LSO","Lesotho",2002,NA,NA,NA,NA,2013-02-22
"342","LS","LSO","Lesotho",2003,NA,NA,NA,NA,2013-02-22
"343","LS","LSO","Lesotho",2004,NA,NA,NA,NA,2013-02-22
"344","LS","LSO","Lesotho",2005,70314549.4765661,NA,NA,NA,2013-02-22
"345","LS","LSO","Lesotho",2006,59859141.3980112,NA,NA,NA,2013-02-22
"346","LS","LSO","Lesotho",2007,106494998.015387,NA,NA,NA,2013-02-22
"347","LS","LSO","Lesotho",2008,111945776.038817,NA,NA,NA,2013-02-22
"348","LS","LSO","Lesotho",2009,99919913.8346045,NA,NA,NA,2013-02-22
"349","LS","LSO","Lesotho",2010,113659351.024935,NA,NA,NA,2013-02-22
"350","LS","LSO","Lesotho",2011,132128979.121407,NA,NA,NA,2013-02-22
"351","LS","LSO","Lesotho",2012,NA,NA,NA,NA,2013-02-22
"352","MA","MAR","Morocco",2000,NA,NA,NA,NA,2013-02-22
"353","MA","MAR","Morocco",2001,NA,NA,NA,NA,2013-02-22
"354","MA","MAR","Morocco",2002,NA,NA,NA,NA,2013-02-22
"355","MA","MAR","Morocco",2003,NA,NA,NA,NA,2013-02-22
"356","MA","MAR","Morocco",2004,NA,NA,NA,NA,2013-02-22
"357","MA","MAR","Morocco",2005,1670609688.92878,NA,NA,NA,2013-02-22
"358","MA","MAR","Morocco",2006,2460787164.18439,NA,NA,NA,2013-02-22
"359","MA","MAR","Morocco",2007,2825801376.44065,NA,NA,NA,2013-02-22
"360","MA","MAR","Morocco",2008,2466288357.37234,NA,NA,NA,2013-02-22
"361","MA","MAR","Morocco",2009,1970323920.01345,NA,NA,NA,2013-02-22
"362","MA","MAR","Morocco",2010,1240626687.99642,NA,NA,NA,2013-02-22
"363","MA","MAR","Morocco",2011,2521364644.76384,NA,NA,NA,2013-02-22
"364","MA","MAR","Morocco",2012,NA,NA,NA,NA,2013-02-22
"365","MG","MDG","Madagascar",2000,NA,NA,NA,NA,2013-02-22
"366","MG","MDG","Madagascar",2001,NA,NA,NA,NA,2013-02-22
"367","MG","MDG","Madagascar",2002,NA,NA,NA,NA,2013-02-22
"368","MG","MDG","Madagascar",2003,NA,NA,NA,NA,2013-02-22
"369","MG","MDG","Madagascar",2004,NA,NA,NA,NA,2013-02-22
"370","MG","MDG","Madagascar",2005,85444105,NA,NA,NA,2013-02-22
"371","MG","MDG","Madagascar",2006,NA,NA,NA,NA,2013-02-22
"372","MG","MDG","Madagascar",2007,NA,NA,NA,NA,2013-02-22
"373","MG","MDG","Madagascar",2008,NA,NA,NA,NA,2013-02-22
"374","MG","MDG","Madagascar",2009,NA,NA,NA,NA,2013-02-22
"375","MG","MDG","Madagascar",2010,NA,NA,NA,NA,2013-02-22
"376","MG","MDG","Madagascar",2011,NA,NA,NA,NA,2013-02-22
"377","MG","MDG","Madagascar",2012,NA,NA,NA,NA,2013-02-22
"378","ML","MLI","Mali",2000,NA,NA,NA,NA,2013-02-22
"379","ML","MLI","Mali",2001,NA,NA,NA,NA,2013-02-22
"380","ML","MLI","Mali",2002,NA,NA,NA,NA,2013-02-22
"381","ML","MLI","Mali",2003,NA,NA,NA,NA,2013-02-22
"382","ML","MLI","Mali",2004,NA,NA,NA,NA,2013-02-22
"383","ML","MLI","Mali",2005,174876912.003347,NA,NA,NA,2013-02-22
"384","ML","MLI","Mali",2006,16959586.4159681,NA,NA,NA,2013-02-22
"385","ML","MLI","Mali",2007,-50072320.6195051,NA,NA,NA,2013-02-22
"386","ML","MLI","Mali",2008,100318161.616358,NA,NA,NA,2013-02-22
"387","ML","MLI","Mali",2009,102764525.252149,NA,NA,NA,2013-02-22
"388","ML","MLI","Mali",2010,26928364.1660942,NA,NA,NA,2013-02-22
"389","ML","MLI","Mali",2011,NA,NA,NA,NA,2013-02-22
"390","ML","MLI","Mali",2012,NA,NA,NA,NA,2013-02-22
"391","MZ","MOZ","Mozambique",2000,NA,NA,NA,NA,2013-02-22
"392","MZ","MOZ","Mozambique",2001,NA,NA,NA,NA,2013-02-22
"393","MZ","MOZ","Mozambique",2002,NA,NA,NA,NA,2013-02-22
"394","MZ","MOZ","Mozambique",2003,NA,NA,NA,NA,2013-02-22
"395","MZ","MOZ","Mozambique",2004,NA,NA,NA,NA,2013-02-22
"396","MZ","MOZ","Mozambique",2005,122413755.58,NA,NA,NA,2013-02-22
"397","MZ","MOZ","Mozambique",2006,185376653.25,NA,NA,NA,2013-02-22
"398","MZ","MOZ","Mozambique",2007,416689348.420809,NA,NA,NA,2013-02-22
"399","MZ","MOZ","Mozambique",2008,559119391.26425,NA,NA,NA,2013-02-22
"400","MZ","MOZ","Mozambique",2009,895683361.75,NA,NA,NA,2013-02-22
"401","MZ","MOZ","Mozambique",2010,1005443950.97871,NA,NA,NA,2013-02-22
"402","MZ","MOZ","Mozambique",2011,2079312789.84999,NA,NA,NA,2013-02-22
"403","MZ","MOZ","Mozambique",2012,NA,NA,NA,NA,2013-02-22
"404","MR","MRT","Mauritania",2000,NA,NA,NA,NA,2013-02-22
"405","MR","MRT","Mauritania",2001,NA,NA,NA,NA,2013-02-22
"406","MR","MRT","Mauritania",2002,NA,NA,NA,NA,2013-02-22
"407","MR","MRT","Mauritania",2003,NA,NA,NA,NA,2013-02-22
"408","MR","MRT","Mauritania",2004,NA,NA,NA,NA,2013-02-22
"409","MR","MRT","Mauritania",2005,NA,NA,NA,NA,2013-02-22
"410","MR","MRT","Mauritania",2006,NA,NA,NA,NA,2013-02-22
"411","MR","MRT","Mauritania",2007,NA,NA,NA,NA,2013-02-22
"412","MR","MRT","Mauritania",2008,NA,NA,NA,NA,2013-02-22
"413","MR","MRT","Mauritania",2009,NA,NA,NA,NA,2013-02-22
"414","MR","MRT","Mauritania",2010,NA,NA,NA,NA,2013-02-22
"415","MR","MRT","Mauritania",2011,NA,NA,NA,NA,2013-02-22
"416","MR","MRT","Mauritania",2012,NA,NA,NA,NA,2013-02-22
"417","MU","MUS","Mauritius",2000,NA,NA,NA,NA,2013-02-22
"418","MU","MUS","Mauritius",2001,NA,NA,NA,NA,2013-02-22
"419","MU","MUS","Mauritius",2002,NA,NA,NA,NA,2013-02-22
"420","MU","MUS","Mauritius",2003,NA,NA,NA,NA,2013-02-22
"421","MU","MUS","Mauritius",2004,NA,NA,NA,NA,2013-02-22
"422","MU","MUS","Mauritius",2005,41776995.778691,NA,NA,NA,2013-02-22
"423","MU","MUS","Mauritius",2006,106758059.108918,NA,NA,NA,2013-02-22
"424","MU","MUS","Mauritius",2007,340763853.718087,NA,NA,NA,2013-02-22
"425","MU","MUS","Mauritius",2008,377724738.062539,NA,NA,NA,2013-02-22
"426","MU","MUS","Mauritius",2009,256680711.820915,NA,NA,NA,2013-02-22
"427","MU","MUS","Mauritius",2010,34248670050.5019,NA,NA,NA,2013-02-22
"428","MU","MUS","Mauritius",2011,37748893160.771,NA,NA,NA,2013-02-22
"429","MU","MUS","Mauritius",2012,NA,NA,NA,NA,2013-02-22
"430","MW","MWI","Malawi",2000,NA,NA,NA,NA,2013-02-22
"431","MW","MWI","Malawi",2001,NA,NA,NA,NA,2013-02-22
"432","MW","MWI","Malawi",2002,NA,NA,NA,NA,2013-02-22
"433","MW","MWI","Malawi",2003,NA,NA,NA,NA,2013-02-22
"434","MW","MWI","Malawi",2004,NA,NA,NA,NA,2013-02-22
"435","MW","MWI","Malawi",2005,139696707.383179,NA,NA,NA,2013-02-22
"436","MW","MWI","Malawi",2006,35561531.6293568,NA,NA,NA,2013-02-22
"437","MW","MWI","Malawi",2007,124388838.697469,NA,NA,NA,2013-02-22
"438","MW","MWI","Malawi",2008,195424461.064922,NA,NA,NA,2013-02-22
"439","MW","MWI","Malawi",2009,49130854.8429206,NA,NA,NA,2013-02-22
"440","MW","MWI","Malawi",2010,97010028.4484276,NA,NA,NA,2013-02-22
"441","MW","MWI","Malawi",2011,92407703.5035505,NA,NA,NA,2013-02-22
"442","MW","MWI","Malawi",2012,NA,NA,NA,NA,2013-02-22
"443","NA","NAM","Namibia",2000,NA,NA,NA,NA,2013-02-22
"444","NA","NAM","Namibia",2001,NA,NA,NA,NA,2013-02-22
"445","NA","NAM","Namibia",2002,NA,NA,NA,NA,2013-02-22
"446","NA","NAM","Namibia",2003,NA,NA,NA,NA,2013-02-22
"447","NA","NAM","Namibia",2004,NA,NA,NA,NA,2013-02-22
"448","NA","NAM","Namibia",2005,392758629.43539,NA,NA,NA,2013-02-22
"449","NA","NAM","Namibia",2006,609774001.220209,NA,NA,NA,2013-02-22
"450","NA","NAM","Namibia",2007,669795195.370224,NA,NA,NA,2013-02-22
"451","NA","NAM","Namibia",2008,749771643.795096,NA,NA,NA,2013-02-22
"452","NA","NAM","Namibia",2009,549806151.338322,NA,NA,NA,2013-02-22
"453","NA","NAM","Namibia",2010,686289138.92188,NA,NA,NA,2013-02-22
"454","NA","NAM","Namibia",2011,968867334.978768,NA,NA,NA,2013-02-22
"455","NA","NAM","Namibia",2012,NA,NA,NA,NA,2013-02-22
"456","NE","NER","Niger",2000,NA,NA,NA,NA,2013-02-22
"457","NE","NER","Niger",2001,NA,NA,NA,NA,2013-02-22
"458","NE","NER","Niger",2002,NA,NA,NA,NA,2013-02-22
"459","NE","NER","Niger",2003,NA,NA,NA,NA,2013-02-22
"460","NE","NER","Niger",2004,NA,NA,NA,NA,2013-02-22
"461","NE","NER","Niger",2005,49733809.247239,NA,NA,NA,2013-02-22
"462","NE","NER","Niger",2006,40274236.6186145,NA,NA,NA,2013-02-22
"463","NE","NER","Niger",2007,98942805.391155,NA,NA,NA,2013-02-22
"464","NE","NER","Niger",2008,281935056.438537,NA,NA,NA,2013-02-22
"465","NE","NER","Niger",2009,631278387.018506,NA,NA,NA,2013-02-22
"466","NE","NER","Niger",2010,795859655.973122,NA,NA,NA,2013-02-22
"467","NE","NER","Niger",2011,NA,NA,NA,NA,2013-02-22
"468","NE","NER","Niger",2012,NA,NA,NA,NA,2013-02-22
"469","NG","NGA","Nigeria",2000,NA,NA,NA,NA,2013-02-22
"470","NG","NGA","Nigeria",2001,NA,NA,NA,NA,2013-02-22
"471","NG","NGA","Nigeria",2002,NA,NA,NA,NA,2013-02-22
"472","NG","NGA","Nigeria",2003,NA,NA,NA,NA,2013-02-22
"473","NG","NGA","Nigeria",2004,NA,NA,NA,NA,2013-02-22
"474","NG","NGA","Nigeria",2005,4982533942.86909,NA,NA,NA,2013-02-22
"475","NG","NGA","Nigeria",2006,4854416867.46988,NA,NA,NA,2013-02-22
"476","NG","NGA","Nigeria",2007,6034971231.02598,NA,NA,NA,2013-02-22
"477","NG","NGA","Nigeria",2008,8196606681.8527,NA,NA,NA,2013-02-22
"478","NG","NGA","Nigeria",2009,8554840765.6145,NA,NA,NA,2013-02-22
"479","NG","NGA","Nigeria",2010,6048560268.51303,NA,NA,NA,2013-02-22
"480","NG","NGA","Nigeria",2011,8841952784.25968,NA,NA,NA,2013-02-22
"481","NG","NGA","Nigeria",2012,NA,NA,NA,NA,2013-02-22
"482","RW","RWA","Rwanda",2000,NA,NA,NA,NA,2013-02-22
"483","RW","RWA","Rwanda",2001,NA,NA,NA,NA,2013-02-22
"484","RW","RWA","Rwanda",2002,NA,NA,NA,NA,2013-02-22
"485","RW","RWA","Rwanda",2003,NA,NA,NA,NA,2013-02-22
"486","RW","RWA","Rwanda",2004,NA,NA,NA,NA,2013-02-22
"487","RW","RWA","Rwanda",2005,10570000,NA,NA,NA,2013-02-22
"488","RW","RWA","Rwanda",2006,11233066.5996377,NA,NA,NA,2013-02-22
"489","RW","RWA","Rwanda",2007,67142879.2636968,NA,NA,NA,2013-02-22
"490","RW","RWA","Rwanda",2008,131661548.168721,NA,NA,NA,2013-02-22
"491","RW","RWA","Rwanda",2009,118671744.790493,NA,NA,NA,2013-02-22
"492","RW","RWA","Rwanda",2010,42332000,NA,NA,NA,2013-02-22
"493","RW","RWA","Rwanda",2011,106210000,NA,NA,NA,2013-02-22
"494","RW","RWA","Rwanda",2012,NA,NA,NA,NA,2013-02-22
"495","SD","SDN","Sudan",2000,NA,NA,NA,NA,2013-02-22
"496","SD","SDN","Sudan",2001,NA,NA,NA,NA,2013-02-22
"497","SD","SDN","Sudan",2002,NA,NA,NA,NA,2013-02-22
"498","SD","SDN","Sudan",2003,NA,NA,NA,NA,2013-02-22
"499","SD","SDN","Sudan",2004,NA,NA,NA,NA,2013-02-22
"500","SD","SDN","Sudan",2005,3312490191.89435,NA,NA,NA,2013-02-22
"501","SD","SDN","Sudan",2006,4146584892.08367,NA,NA,NA,2013-02-22
"502","SD","SDN","Sudan",2007,4240078554.05251,NA,NA,NA,2013-02-22
"503","SD","SDN","Sudan",2008,6704912323.02999,NA,NA,NA,2013-02-22
"504","SD","SDN","Sudan",2009,5566468221.93144,NA,NA,NA,2013-02-22
"505","SD","SDN","Sudan",2010,6114042610.63313,NA,NA,NA,2013-02-22
"506","SD","SDN","Sudan",2011,3056748795.24844,NA,NA,NA,2013-02-22
"507","SD","SDN","Sudan",2012,NA,NA,NA,NA,2013-02-22
"508","SN","SEN","Senegal",2000,NA,NA,NA,NA,2013-02-22
"509","SN","SEN","Senegal",2001,NA,NA,NA,NA,2013-02-22
"510","SN","SEN","Senegal",2002,NA,NA,NA,NA,2013-02-22
"511","SN","SEN","Senegal",2003,NA,NA,NA,NA,2013-02-22
"512","SN","SEN","Senegal",2004,NA,NA,NA,NA,2013-02-22
"513","SN","SEN","Senegal",2005,167871749.606041,NA,NA,NA,2013-02-22
"514","SN","SEN","Senegal",2006,289579009.464712,NA,NA,NA,2013-02-22
"515","SN","SEN","Senegal",2007,350986144.067451,NA,NA,NA,2013-02-22
"516","SN","SEN","Senegal",2008,453898201.229161,NA,NA,NA,2013-02-22
"517","SN","SEN","Senegal",2009,330149356.413487,NA,NA,NA,2013-02-22
"518","SN","SEN","Senegal",2010,274894642.936909,NA,NA,NA,2013-02-22
"519","SN","SEN","Senegal",2011,NA,NA,NA,NA,2013-02-22
"520","SN","SEN","Senegal",2012,NA,NA,NA,NA,2013-02-22
"521","SL","SLE","Sierra Leone",2000,NA,NA,NA,NA,2013-02-22
"522","SL","SLE","Sierra Leone",2001,NA,NA,NA,NA,2013-02-22
"523","SL","SLE","Sierra Leone",2002,NA,NA,NA,NA,2013-02-22
"524","SL","SLE","Sierra Leone",2003,NA,NA,NA,NA,2013-02-22
"525","SL","SLE","Sierra Leone",2004,NA,NA,NA,NA,2013-02-22
"526","SL","SLE","Sierra Leone",2005,90731669.7377147,NA,NA,NA,2013-02-22
"527","SL","SLE","Sierra Leone",2006,58869143.907218,NA,NA,NA,2013-02-22
"528","SL","SLE","Sierra Leone",2007,95470171.3159826,NA,NA,NA,2013-02-22
"529","SL","SLE","Sierra Leone",2008,53095074.1518604,NA,NA,NA,2013-02-22
"530","SL","SLE","Sierra Leone",2009,110430202.517695,NA,NA,NA,2013-02-22
"531","SL","SLE","Sierra Leone",2010,238404157.811459,NA,NA,NA,2013-02-22
"532","SL","SLE","Sierra Leone",2011,714974887.729491,NA,NA,NA,2013-02-22
"533","SL","SLE","Sierra Leone",2012,NA,NA,NA,NA,2013-02-22
"534","SO","SOM","Somalia",2000,NA,NA,NA,NA,2013-02-22
"535","SO","SOM","Somalia",2001,NA,NA,NA,NA,2013-02-22
"536","SO","SOM","Somalia",2002,NA,NA,NA,NA,2013-02-22
"537","SO","SOM","Somalia",2003,NA,NA,NA,NA,2013-02-22
"538","SO","SOM","Somalia",2004,NA,NA,NA,NA,2013-02-22
"539","SO","SOM","Somalia",2005,NA,NA,NA,NA,2013-02-22
"540","SO","SOM","Somalia",2006,NA,NA,NA,NA,2013-02-22
"541","SO","SOM","Somalia",2007,NA,NA,NA,NA,2013-02-22
"542","SO","SOM","Somalia",2008,NA,NA,NA,NA,2013-02-22
"543","SO","SOM","Somalia",2009,NA,NA,NA,NA,2013-02-22
"544","SO","SOM","Somalia",2010,NA,NA,NA,NA,2013-02-22
"545","SO","SOM","Somalia",2011,NA,NA,NA,NA,2013-02-22
"546","SO","SOM","Somalia",2012,NA,NA,NA,NA,2013-02-22
"547","SS","SSD","South Sudan",2000,NA,NA,NA,NA,2013-02-22
"548","SS","SSD","South Sudan",2001,NA,NA,NA,NA,2013-02-22
"549","SS","SSD","South Sudan",2002,NA,NA,NA,NA,2013-02-22
"550","SS","SSD","South Sudan",2003,NA,NA,NA,NA,2013-02-22
"551","SS","SSD","South Sudan",2004,NA,NA,NA,NA,2013-02-22
"552","SS","SSD","South Sudan",2005,NA,NA,NA,NA,2013-02-22
"553","SS","SSD","South Sudan",2006,NA,NA,NA,NA,2013-02-22
"554","SS","SSD","South Sudan",2007,NA,NA,NA,NA,2013-02-22
"555","SS","SSD","South Sudan",2008,NA,NA,NA,NA,2013-02-22
"556","SS","SSD","South Sudan",2009,NA,NA,NA,NA,2013-02-22
"557","SS","SSD","South Sudan",2010,NA,NA,NA,NA,2013-02-22
"558","SS","SSD","South Sudan",2011,NA,NA,NA,NA,2013-02-22
"559","SS","SSD","South Sudan",2012,NA,NA,NA,NA,2013-02-22
"560","ST","STP","Sao Tome and Principe",2000,NA,NA,NA,NA,2013-02-22
"561","ST","STP","Sao Tome and Principe",2001,NA,NA,NA,NA,2013-02-22
"562","ST","STP","Sao Tome and Principe",2002,NA,NA,NA,NA,2013-02-22
"563","ST","STP","Sao Tome and Principe",2003,NA,NA,NA,NA,2013-02-22
"564","ST","STP","Sao Tome and Principe",2004,NA,NA,NA,NA,2013-02-22
"565","ST","STP","Sao Tome and Principe",2005,15664000,NA,NA,NA,2013-02-22
"566","ST","STP","Sao Tome and Principe",2006,38015839.45735,NA,NA,NA,2013-02-22
"567","ST","STP","Sao Tome and Principe",2007,36028527.8239199,NA,NA,NA,2013-02-22
"568","ST","STP","Sao Tome and Principe",2008,79143388.7554087,NA,NA,NA,2013-02-22
"569","ST","STP","Sao Tome and Principe",2009,15500000,NA,NA,NA,2013-02-22
"570","ST","STP","Sao Tome and Principe",2010,50600000,NA,NA,NA,2013-02-22
"571","ST","STP","Sao Tome and Principe",2011,3.5e+07,NA,NA,NA,2013-02-22
"572","ST","STP","Sao Tome and Principe",2012,NA,NA,NA,NA,2013-02-22
"573","SZ","SWZ","Swaziland",2000,NA,NA,NA,NA,2013-02-22
"574","SZ","SWZ","Swaziland",2001,NA,NA,NA,NA,2013-02-22
"575","SZ","SWZ","Swaziland",2002,NA,NA,NA,NA,2013-02-22
"576","SZ","SWZ","Swaziland",2003,NA,NA,NA,NA,2013-02-22
"577","SZ","SWZ","Swaziland",2004,NA,NA,NA,NA,2013-02-22
"578","SZ","SWZ","Swaziland",2005,-45850344.677386,NA,NA,NA,2013-02-22
"579","SZ","SWZ","Swaziland",2006,121031132.733166,NA,NA,NA,2013-02-22
"580","SZ","SWZ","Swaziland",2007,37493846.2379167,NA,NA,NA,2013-02-22
"581","SZ","SWZ","Swaziland",2008,105729374.657006,NA,NA,NA,2013-02-22
"582","SZ","SWZ","Swaziland",2009,65705859.515037,NA,NA,NA,2013-02-22
"583","SZ","SWZ","Swaziland",2010,135660413.694601,NA,NA,NA,2013-02-22
"584","SZ","SWZ","Swaziland",2011,NA,NA,NA,NA,2013-02-22
"585","SZ","SWZ","Swaziland",2012,NA,NA,NA,NA,2013-02-22
"586","SC","SYC","Seychelles",2000,NA,NA,NA,NA,2013-02-22
"587","SC","SYC","Seychelles",2001,NA,NA,NA,NA,2013-02-22
"588","SC","SYC","Seychelles",2002,NA,NA,NA,NA,2013-02-22
"589","SC","SYC","Seychelles",2003,NA,NA,NA,NA,2013-02-22
"590","SC","SYC","Seychelles",2004,NA,NA,NA,NA,2013-02-22
"591","SC","SYC","Seychelles",2005,85879602.7272727,NA,NA,NA,2013-02-22
"592","SC","SYC","Seychelles",2006,145815248.319346,NA,NA,NA,2013-02-22
"593","SC","SYC","Seychelles",2007,111247944.514742,NA,NA,NA,2013-02-22
"594","SC","SYC","Seychelles",2008,119381484.548821,NA,NA,NA,2013-02-22
"595","SC","SYC","Seychelles",2009,114865792.769577,NA,NA,NA,2013-02-22
"596","SC","SYC","Seychelles",2010,155725793.014083,NA,NA,NA,2013-02-22
"597","SC","SYC","Seychelles",2011,138749983.808155,NA,NA,NA,2013-02-22
"598","SC","SYC","Seychelles",2012,NA,NA,NA,NA,2013-02-22
"599","TD","TCD","Chad",2000,NA,NA,NA,NA,2013-02-22
"600","TD","TCD","Chad",2001,NA,NA,NA,NA,2013-02-22
"601","TD","TCD","Chad",2002,NA,NA,NA,NA,2013-02-22
"602","TD","TCD","Chad",2003,NA,NA,NA,NA,2013-02-22
"603","TD","TCD","Chad",2004,NA,NA,NA,NA,2013-02-22
"604","TD","TCD","Chad",2005,NA,NA,NA,NA,2013-02-22
"605","TD","TCD","Chad",2006,NA,NA,NA,NA,2013-02-22
"606","TD","TCD","Chad",2007,NA,NA,NA,NA,2013-02-22
"607","TD","TCD","Chad",2008,NA,NA,NA,NA,2013-02-22
"608","TD","TCD","Chad",2009,NA,NA,NA,NA,2013-02-22
"609","TD","TCD","Chad",2010,NA,NA,NA,NA,2013-02-22
"610","TD","TCD","Chad",2011,NA,NA,NA,NA,2013-02-22
"611","TD","TCD","Chad",2012,NA,NA,NA,NA,2013-02-22
"612","TG","TGO","Togo",2000,NA,NA,NA,NA,2013-02-22
"613","TG","TGO","Togo",2001,NA,NA,NA,NA,2013-02-22
"614","TG","TGO","Togo",2002,NA,NA,NA,NA,2013-02-22
"615","TG","TGO","Togo",2003,NA,NA,NA,NA,2013-02-22
"616","TG","TGO","Togo",2004,NA,NA,NA,NA,2013-02-22
"617","TG","TGO","Togo",2005,95965416.4656431,NA,NA,NA,2013-02-22
"618","TG","TGO","Togo",2006,91315553.9230546,NA,NA,NA,2013-02-22
"619","TG","TGO","Togo",2007,62324369.4018094,NA,NA,NA,2013-02-22
"620","TG","TGO","Togo",2008,50687212.1712282,NA,NA,NA,2013-02-22
"621","TG","TGO","Togo",2009,46118873.898658,NA,NA,NA,2013-02-22
"622","TG","TGO","Togo",2010,124942198.617535,NA,NA,NA,2013-02-22
"623","TG","TGO","Togo",2011,NA,NA,NA,NA,2013-02-22
"624","TG","TGO","Togo",2012,NA,NA,NA,NA,2013-02-22
"625","TN","TUN","Tunisia",2000,NA,NA,NA,NA,2013-02-22
"626","TN","TUN","Tunisia",2001,NA,NA,NA,NA,2013-02-22
"627","TN","TUN","Tunisia",2002,NA,NA,NA,NA,2013-02-22
"628","TN","TUN","Tunisia",2003,NA,NA,NA,NA,2013-02-22
"629","TN","TUN","Tunisia",2004,NA,NA,NA,NA,2013-02-22
"630","TN","TUN","Tunisia",2005,712714847.262544,NA,NA,NA,2013-02-22
"631","TN","TUN","Tunisia",2006,3239909092.61659,NA,NA,NA,2013-02-22
"632","TN","TUN","Tunisia",2007,1515345043.99628,NA,NA,NA,2013-02-22
"633","TN","TUN","Tunisia",2008,2600674976.49756,NA,NA,NA,2013-02-22
"634","TN","TUN","Tunisia",2009,1525244857.52902,NA,NA,NA,2013-02-22
"635","TN","TUN","Tunisia",2010,1334497694.56476,NA,NA,NA,2013-02-22
"636","TN","TUN","Tunisia",2011,432666011.578486,NA,NA,NA,2013-02-22
"637","TN","TUN","Tunisia",2012,NA,NA,NA,NA,2013-02-22
"638","TZ","TZA","Tanzania",2000,NA,NA,NA,NA,2013-02-22
"639","TZ","TZA","Tanzania",2001,NA,NA,NA,NA,2013-02-22
"640","TZ","TZA","Tanzania",2002,NA,NA,NA,NA,2013-02-22
"641","TZ","TZA","Tanzania",2003,NA,NA,NA,NA,2013-02-22
"642","TZ","TZA","Tanzania",2004,NA,NA,NA,NA,2013-02-22
"643","TZ","TZA","Tanzania",2005,935520591.71,NA,NA,NA,2013-02-22
"644","TZ","TZA","Tanzania",2006,403038991.36,NA,NA,NA,2013-02-22
"645","TZ","TZA","Tanzania",2007,581511806.98,NA,NA,NA,2013-02-22
"646","TZ","TZA","Tanzania",2008,1383260000,NA,NA,NA,2013-02-22
"647","TZ","TZA","Tanzania",2009,952630000,NA,NA,NA,2013-02-22
"648","TZ","TZA","Tanzania",2010,1022809294.37242,NA,NA,NA,2013-02-22
"649","TZ","TZA","Tanzania",2011,1095401490.93255,NA,NA,NA,2013-02-22
"650","TZ","TZA","Tanzania",2012,NA,NA,NA,NA,2013-02-22
"651","UG","UGA","Uganda",2000,NA,NA,NA,NA,2013-02-22
"652","UG","UGA","Uganda",2001,NA,NA,NA,NA,2013-02-22
"653","UG","UGA","Uganda",2002,NA,NA,NA,NA,2013-02-22
"654","UG","UGA","Uganda",2003,NA,NA,NA,NA,2013-02-22
"655","UG","UGA","Uganda",2004,NA,NA,NA,NA,2013-02-22
"656","UG","UGA","Uganda",2005,379808340.66706,NA,NA,NA,2013-02-22
"657","UG","UGA","Uganda",2006,644262499.946508,NA,NA,NA,2013-02-22
"658","UG","UGA","Uganda",2007,792305780.891245,NA,NA,NA,2013-02-22
"659","UG","UGA","Uganda",2008,728860900.652407,NA,NA,NA,2013-02-22
"660","UG","UGA","Uganda",2009,841570802.747637,NA,NA,NA,2013-02-22
"661","UG","UGA","Uganda",2010,543872727.272727,NA,NA,NA,2013-02-22
"662","UG","UGA","Uganda",2011,796935701.744285,NA,NA,NA,2013-02-22
"663","UG","UGA","Uganda",2012,NA,NA,NA,NA,2013-02-22
"664","ZA","ZAF","South Africa",2000,NA,NA,NA,NA,2013-02-22
"665","ZA","ZAF","South Africa",2001,NA,NA,NA,NA,2013-02-22
"666","ZA","ZAF","South Africa",2002,NA,NA,NA,NA,2013-02-22
"667","ZA","ZAF","South Africa",2003,NA,NA,NA,NA,2013-02-22
"668","ZA","ZAF","South Africa",2004,NA,NA,NA,NA,2013-02-22
"669","ZA","ZAF","South Africa",2005,6522098178.1805,NA,NA,NA,2013-02-22
"670","ZA","ZAF","South Africa",2006,-183628426.13572,NA,NA,NA,2013-02-22
"671","ZA","ZAF","South Africa",2007,5736933181.15334,NA,NA,NA,2013-02-22
"672","ZA","ZAF","South Africa",2008,9644834927.12783,NA,NA,NA,2013-02-22
"673","ZA","ZAF","South Africa",2009,5353688722.75907,NA,NA,NA,2013-02-22
"674","ZA","ZAF","South Africa",2010,1224280433.33958,NA,NA,NA,2013-02-22
"675","ZA","ZAF","South Africa",2011,5889306980.76642,NA,NA,NA,2013-02-22
"676","ZA","ZAF","South Africa",2012,NA,NA,NA,NA,2013-02-22
"677","ZM","ZMB","Zambia",2000,NA,NA,NA,NA,2013-02-22
"678","ZM","ZMB","Zambia",2001,NA,NA,NA,NA,2013-02-22
"679","ZM","ZMB","Zambia",2002,NA,NA,NA,NA,2013-02-22
"680","ZM","ZMB","Zambia",2003,NA,NA,NA,NA,2013-02-22
"681","ZM","ZMB","Zambia",2004,NA,NA,NA,NA,2013-02-22
"682","ZM","ZMB","Zambia",2005,356940000,NA,NA,NA,2013-02-22
"683","ZM","ZMB","Zambia",2006,615790000,NA,NA,NA,2013-02-22
"684","ZM","ZMB","Zambia",2007,1323900000,NA,NA,NA,2013-02-22
"685","ZM","ZMB","Zambia",2008,938600000,NA,NA,NA,2013-02-22
"686","ZM","ZMB","Zambia",2009,694800000,NA,NA,NA,2013-02-22
"687","ZM","ZMB","Zambia",2010,1729300000,NA,NA,NA,2013-02-22
"688","ZM","ZMB","Zambia",2011,1981700000,NA,NA,NA,2013-02-22
"689","ZM","ZMB","Zambia",2012,NA,NA,NA,NA,2013-02-22
"690","ZW","ZWE","Zimbabwe",2000,NA,NA,NA,NA,2013-02-22
"691","ZW","ZWE","Zimbabwe",2001,NA,NA,NA,NA,2013-02-22
"692","ZW","ZWE","Zimbabwe",2002,NA,NA,NA,NA,2013-02-22
"693","ZW","ZWE","Zimbabwe",2003,NA,NA,NA,NA,2013-02-22
"694","ZW","ZWE","Zimbabwe",2004,NA,NA,NA,NA,2013-02-22
"695","ZW","ZWE","Zimbabwe",2005,NA,NA,NA,NA,2013-02-22
"696","ZW","ZWE","Zimbabwe",2006,NA,NA,NA,NA,2013-02-22
"697","ZW","ZWE","Zimbabwe",2007,NA,NA,NA,NA,2013-02-22
"698","ZW","ZWE","Zimbabwe",2008,NA,NA,NA,NA,2013-02-22
"699","ZW","ZWE","Zimbabwe",2009,NA,NA,NA,NA,2013-02-22
"700","ZW","ZWE","Zimbabwe",2010,NA,NA,NA,NA,2013-02-22
"701","ZW","ZWE","Zimbabwe",2011,NA,NA,NA,NA,2013-02-22
"702","ZW","ZWE","Zimbabwe",2012,NA,NA,NA,NA,2013-02-22
